baseUrl,linkedin,facebook,instagram,twitter,youtube,reddit,tiktok,discord,twitch,snapchat
"https,nexerrecruit.com,/,,,",https://www.linkedin.com/company/nexer-recruit/,<class 'str'>,<class 'str'>,<class 'str'>,<class 'str'>,<class 'str'>,<class 'str'>,<class 'str'>,<class 'str'>,<class 'str'>
"https,fastighetssverige.se,/,,,",https://www.linkedin.com/company/9461939/,<class 'str'>,<class 'str'>,https://twitter.com/fsve,<class 'str'>,<class 'str'>,<class 'str'>,<class 'str'>,<class 'str'>,<class 'str'>
"https,www.cleanmotion.se,,,,",https://www.linkedin.com/company/clean-motion,<class 'str'>,https://www.instagram.com/cleanmotion/,<class 'str'>,https://www.youtube.com/c/CleanMotionOfficial,<class 'str'>,<class 'str'>,<class 'str'>,<class 'str'>,<class 'str'>
"https,humphree.com,/,,,",https://se.linkedin.com/company/humphree-ab,<class 'str'>,https://www.instagram.com/humphreeab/,<class 'str'>,<class 'str'>,<class 'str'>,<class 'str'>,<class 'str'>,<class 'str'>,<class 'str'>
"https,biz.arrivalguides.com,/,,,",https://www.linkedin.com/company/arrivalguides,<class 'str'>,<class 'str'>,<class 'str'>,<class 'str'>,<class 'str'>,<class 'str'>,<class 'str'>,<class 'str'>,<class 'str'>
"https,yuncture.com,/,,,",https://www.linkedin.com/company/yuncture/,<class 'str'>,https://www.instagram.com/yuncture/,<class 'str'>,https://www.youtube.com/channel/UClBKp9owBlEVZ_H8amibtEg,<class 'str'>,<class 'str'>,<class 'str'>,<class 'str'>,<class 'str'>
"https,jerrie.se,/,,,",https://www.linkedin.com/company/jerrie-ab/?viewAsMember=true,<class 'str'>,https://www.instagram.com/jerrie_scoutingpotentials/?hl=sv,<class 'str'>,<class 'str'>,<class 'str'>,<class 'str'>,<class 'str'>,<class 'str'>,<class 'str'>
"https,www.johannebergsciencepark.com,/,,,",https://www.linkedin.com/company/johanneberg-science-park-ab/,<class 'str'>,https://www.instagram.com/johannebergsciencepark/,https://twitter.com/johannebergsp,<class 'str'>,<class 'str'>,<class 'str'>,<class 'str'>,<class 'str'>,<class 'str'>
"https,jarnvagar.nu,,,,",https://www.linkedin.com/company/jarnvagar/,<class 'str'>,https://www.instagram.com/jarnvagar.nu/,https://twitter.com/jarnvagar,<class 'str'>,<class 'str'>,<class 'str'>,<class 'str'>,<class 'str'>,<class 'str'>
"https,www.flexqube.com,/,,,",https://www.linkedin.com/company/flexqube/,<class 'str'>,https://www.instagram.com/flexqube/,https://twitter.com/FlexQube,https://www.youtube.com/channel/UClk3LrBcZe1EZZ1fg-CM85w,<class 'str'>,<class 'str'>,<class 'str'>,<class 'str'>,<class 'str'>
"https,www.brinja.se,/,,,",https://www.linkedin.com/company/brinja/,<class 'str'>,<class 'str'>,<class 'str'>,<class 'str'>,<class 'str'>,<class 'str'>,<class 'str'>,<class 'str'>,<class 'str'>
"https,womenintechgbg.com,/venturestudio,,,",https://www.linkedin.com/company/witgbg,<class 'str'>,https://www.instagram.com/womenintechgbg/,<class 'str'>,<class 'str'>,<class 'str'>,<class 'str'>,<class 'str'>,<class 'str'>,<class 'str'>
"https,www.mimbly.se,/,,,",https://www.linkedin.com/company/mimbly/,<class 'str'>,https://www.instagram.com/mimbly/,https://twitter.com/mimblyswe,<class 'str'>,<class 'str'>,<class 'str'>,<class 'str'>,<class 'str'>,<class 'str'>
"https,atomize.com,/,,,",<class 'str'>,<class 'str'>,<class 'str'>,<class 'str'>,<class 'str'>,<class 'str'>,<class 'str'>,<class 'str'>,<class 'str'>,<class 'str'>
"https,volupe.se,/,,,",https://www.linkedin.com/company/18510079/,<class 'str'>,https://instagram.com/volupeab,<class 'str'>,https://www.youtube.com/channel/UCriFZfKu6EFdC6ahsk05jaw,<class 'str'>,<class 'str'>,<class 'str'>,<class 'str'>,<class 'str'>
"https,kryptoskatt.com,/,,,",https://linkedin.com/company/kryptoskatt,<class 'str'>,https://www.instagram.com/kryptoskatt/,https://twitter.com/kryptoskatt,https://www.youtube.com/channel/UCoXVfyUagq2HcVjOCIQ7Qxw,<class 'str'>,<class 'str'>,https://discord.gg/SFvUAShRv4,<class 'str'>,<class 'str'>
"https,goco.se,/,,,",https://www.linkedin.com/company/gocohealthinnovationcity/?originalSubdomain=se ,<class 'str'>,https://www.instagram.com/gocohealthinnovationcity/,<class 'str'>,https://www.youtube.com/channel/UCoIOyph8ZjLZm4XUi2_AyTw,<class 'str'>,<class 'str'>,<class 'str'>,<class 'str'>,<class 'str'>
"https,dowhile.se,/,,,",https://www.linkedin.com/company/18171281/,<class 'str'>,<class 'str'>,<class 'str'>,<class 'str'>,<class 'str'>,<class 'str'>,<class 'str'>,<class 'str'>,<class 'str'>
"https,compary.com,/,,,",<class 'str'>,<class 'str'>,<class 'str'>,<class 'str'>,<class 'str'>,<class 'str'>,<class 'str'>,<class 'str'>,<class 'str'>,<class 'str'>
"https,www.newbodyfamily.com,/sv-se/,,,",<class 'str'>,<class 'str'>,https://www.instagram.com/newbodyfamily/,<class 'str'>,<class 'str'>,<class 'str'>,<class 'str'>,<class 'str'>,<class 'str'>,<class 'str'>
"https,www.liquidwind.se,/,,,",https://www.linkedin.com/company/liquid-wind/,<class 'str'>,<class 'str'>,https://twitter.com/liquidwind_se,<class 'str'>,<class 'str'>,<class 'str'>,<class 'str'>,<class 'str'>,<class 'str'>
"https,www.recycla.se,/,,,",<class 'str'>,<class 'str'>,<class 'str'>,https://twitter.com/RecyclaSe,<class 'str'>,<class 'str'>,<class 'str'>,<class 'str'>,<class 'str'>,<class 'str'>
"https,www.fastighetsakademin.se,/,,,",https://www.linkedin.com/company/fastighetsakademin,<class 'str'>,https://www.instagram.com/fastighetsakademin/,<class 'str'>,<class 'str'>,<class 'str'>,<class 'str'>,<class 'str'>,<class 'str'>,<class 'str'>
"https,www.piffl.se,/,,,",https://www.linkedin.com/company/piffl,<class 'str'>,https://www.instagram.com/pifflboxes,<class 'str'>,<class 'str'>,<class 'str'>,<class 'str'>,<class 'str'>,<class 'str'>,<class 'str'>
"https,salming.com,/sv-se/start,,,",https://www.linkedin.com/company/salming-sports-ab,<class 'str'>,https://www.instagram.com/salmingofficial/,<class 'str'>,<class 'str'>,<class 'str'>,https://www.tiktok.com/@salmingofficial,<class 'str'>,<class 'str'>,<class 'str'>
"https,www.njie.com,/,,,",https://www.linkedin.com/company/njie-group-ab/,<class 'str'>,https://www.instagram.com/propudsverige/,<class 'str'>,<class 'str'>,<class 'str'>,<class 'str'>,<class 'str'>,<class 'str'>,<class 'str'>
"https,meelahealth.com,/,,,",https://www.linkedin.com/company/meelaapp/,<class 'str'>,http://instagram.com/meela_app,<class 'str'>,<class 'str'>,<class 'str'>,<class 'str'>,<class 'str'>,<class 'str'>,<class 'str'>
"https,www.lexenergy.se,/,,,",<class 'str'>,<class 'str'>,<class 'str'>,<class 'str'>,<class 'str'>,<class 'str'>,<class 'str'>,<class 'str'>,<class 'str'>,<class 'str'>
"https,goteborg.drivhuset.se,/,,,",<class 'str'>,<class 'str'>,https://www.instagram.com/drivhusetgoteborg/,<class 'str'>,<class 'str'>,<class 'str'>,<class 'str'>,<class 'str'>,<class 'str'>,<class 'str'>
"https,www.seably.com,/,,,",https://linkedin.com/company/seably,<class 'str'>,<class 'str'>,https://twitter.com/SeablyTraining,<class 'str'>,<class 'str'>,<class 'str'>,<class 'str'>,<class 'str'>,<class 'str'>
"https,www.mobilityxlab.com,,,,",https://www.linkedin.com/company/mobilityxlab,<class 'str'>,https://www.instagram.com/mobilityxlab/,https://twitter.com/MobilityXlab,<class 'str'>,<class 'str'>,<class 'str'>,<class 'str'>,<class 'str'>,<class 'str'>
"https,www.kaminsky.se,/,,,",https://www.linkedin.com/company/kaminskyarkitektur/,<class 'str'>,https://www.instagram.com/kaminskyarkitektur/,<class 'str'>,<class 'str'>,<class 'str'>,<class 'str'>,<class 'str'>,<class 'str'>,<class 'str'>
"https,carboncloud.com,/,,,",https://www.linkedin.com/company/carboncloud/,<class 'str'>,https://www.instagram.com/carboncloud_official/,<class 'str'>,<class 'str'>,<class 'str'>,<class 'str'>,<class 'str'>,<class 'str'>,<class 'str'>
"https,www.gotheborg.se,/,,,",https://www.linkedin.com/company/gotheborg,<class 'str'>,http://instagram.com/theswedishshipgotheborg,<class 'str'>,https://www.youtube.com/channel/UCisl2sPo5LbX021Jr273zKg,<class 'str'>,<class 'str'>,<class 'str'>,<class 'str'>,<class 'str'>
"https,www.generationwaste.com,/en,,,",https://www.linkedin.com/company/generationwaste/,<class 'str'>,https://www.instagram.com/generationwaste_matsvinn/reels/,<class 'str'>,https://www.youtube.com/channel/UCOm7PfmZlMuJHdGHTI0qztw,<class 'str'>,https://www.tiktok.com/@matsvinn_recept?_d=secCgYIASAHKAESPgo8JtwyOtvOYXcL2eTXaqUItd[â€¦]campaign=client_share&utm_medium=android&utm_source=messenger,<class 'str'>,<class 'str'>,<class 'str'>
"https,www.eningo.se,/,,,",https://www.linkedin.com/company/eningo/,<class 'str'>,<class 'str'>,<class 'str'>,<class 'str'>,<class 'str'>,<class 'str'>,<class 'str'>,<class 'str'>,<class 'str'>
"https,www.novoenergy.se,/,,,",https://www.linkedin.com/company/novoenergy/,<class 'str'>,<class 'str'>,<class 'str'>,<class 'str'>,<class 'str'>,<class 'str'>,<class 'str'>,<class 'str'>,<class 'str'>
"https,www.movetogothenburg.com,/,,,",<class 'str'>,<class 'str'>,<class 'str'>,<class 'str'>,<class 'str'>,<class 'str'>,<class 'str'>,<class 'str'>,<class 'str'>,<class 'str'>
"https,www.urbancorner.se,/,,,",https://www.linkedin.com/company/urbancorner/,<class 'str'>,https://www.instagram.com/urbancorner.se,<class 'str'>,<class 'str'>,<class 'str'>,https://www.tiktok.com/@urbancorner.se,<class 'str'>,<class 'str'>,<class 'str'>
"https,www.vividye.com,/,,,",https://www.linkedin.com/company/vividye/?viewAsMember=true,<class 'str'>,https://www.instagram.com/vividye_color,<class 'str'>,<class 'str'>,<class 'str'>,<class 'str'>,<class 'str'>,<class 'str'>,<class 'str'>
"https,modvion.com,/,,,",https://www.linkedin.com/company/modvion/,<class 'str'>,<class 'str'>,<class 'str'>,<class 'str'>,<class 'str'>,<class 'str'>,<class 'str'>,<class 'str'>,<class 'str'>
"https,intelligentemployment.com,/,,,",http://www.linkedin.com/company/intelligent-employment/,<class 'str'>,https://www.instagram.com/intelligentemployment/,https://twitter.com/intelemployment,https://www.youtube.com/channel/UCELQzQKIX9Ckro9HGbJHJCQ,<class 'str'>,<class 'str'>,<class 'str'>,<class 'str'>,<class 'str'>
"https,seatwirl.com,/,,,",https://www.linkedin.com/company/seatwirl-ab,<class 'str'>,<class 'str'>,https://twitter.com/SeaTwirlAB,https://www.youtube.com/channel/UCzOdfF1wySfCwcRqqiocOag,<class 'str'>,<class 'str'>,<class 'str'>,<class 'str'>,<class 'str'>
"https,www.saljpoolen.se,/,,,",https://se.linkedin.com/company/s-ljpoolen-i-sverige-ab,<class 'str'>,https://www.instagram.com/intensogruppen/,<class 'str'>,https://www.youtube.com/channel/UCEVY3RnZe2HX6zVIsy-Y7Pw,<class 'str'>,<class 'str'>,<class 'str'>,<class 'str'>,<class 'str'>
"https,www.hansen.se,/en/,,,",https://www.linkedin.com/company/hansen-event-&-conference,<class 'str'>,https://www.instagram.com/hansen_agreaterexperience/,<class 'str'>,<class 'str'>,<class 'str'>,<class 'str'>,<class 'str'>,<class 'str'>,<class 'str'>
"https,agilepeople.com,/,,,",https://www.linkedin.com/company/35650181/admin/,<class 'str'>,<class 'str'>,<class 'str'>,<class 'str'>,<class 'str'>,<class 'str'>,<class 'str'>,<class 'str'>,<class 'str'>
"https,youpic.com,/,,,",<class 'str'>,<class 'str'>,<class 'str'>,<class 'str'>,<class 'str'>,<class 'str'>,<class 'str'>,<class 'str'>,<class 'str'>,<class 'str'>
"https,www.ea.com,/careers/locations,,modal-id=gothenburg,",<class 'str'>,<class 'str'>,https://www.instagram.com/ea,https://www.twitter.com/ea,https://www.youtube.com/EAvideos,<class 'str'>,<class 'str'>,<class 'str'>,https://www.twitch.tv/ea,<class 'str'>
"https,greenfee365.com,/,,,",https://www.linkedin.com/company/greenfee365/,<class 'str'>,https://www.instagram.com/greenfee365/,<class 'str'>,<class 'str'>,<class 'str'>,<class 'str'>,<class 'str'>,<class 'str'>,<class 'str'>
"https,vatgas.se,/,,,",https://linkedin.com,<class 'str'>,<class 'str'>,https://twitter.com,https://youtube.com,<class 'str'>,<class 'str'>,<class 'str'>,<class 'str'>,<class 'str'>
"https,www.resourced.com,/,,,",<class 'str'>,<class 'str'>,<class 'str'>,<class 'str'>,<class 'str'>,<class 'str'>,<class 'str'>,<class 'str'>,<class 'str'>,<class 'str'>
"https,trine.com,/,,,",<class 'str'>,<class 'str'>,<class 'str'>,<class 'str'>,<class 'str'>,<class 'str'>,<class 'str'>,<class 'str'>,<class 'str'>,<class 'str'>
"https,sweden.samsongroup.com,,,,",https://www.linkedin.com/company/samsongroup/,<class 'str'>,https://www.instagram.com/samson.ag,<class 'str'>,https://www.youtube.com/c/samsonag,<class 'str'>,<class 'str'>,<class 'str'>,<class 'str'>,<class 'str'>
"https,smarttextiles.se,/,,,",https://www.linkedin.com/company/smart-textiles/?viewAsMember=true,<class 'str'>,https://www.instagram.com/retextile/,https://twitter.com/sp_boras,<class 'str'>,<class 'str'>,<class 'str'>,<class 'str'>,<class 'str'>,<class 'str'>
"https,chemsec.org,/,,,",https://www.linkedin.com/company/chemsec,<class 'str'>,<class 'str'>,https://twitter.com/chemsec,https://www.youtube.com/user/ChemSec,<class 'str'>,<class 'str'>,<class 'str'>,<class 'str'>,<class 'str'>
"https,fluicell.com,/,,,",https://www.linkedin.com/company/fluicell-ab,<class 'str'>,<class 'str'>,https://twitter.com/FluicellAB,https://www.youtube.com/channel/UClYB7Oh-guBclrh3IL1MmvQ,<class 'str'>,<class 'str'>,<class 'str'>,<class 'str'>,<class 'str'>
"https,retailrecruitment.se,/,,,",https://www.linkedin.com/company/retail-recruitment-?trk=biz-companies-cym,<class 'str'>,https://www.instagram.com/retailrecruitment/,<class 'str'>,<class 'str'>,<class 'str'>,<class 'str'>,<class 'str'>,<class 'str'>,<class 'str'>
"https,densify.se,/,,,",https://www.linkedin.com/company/densify-group/about/,<class 'str'>,https://www.instagram.com/densify_/,<class 'str'>,<class 'str'>,<class 'str'>,<class 'str'>,<class 'str'>,<class 'str'>,<class 'str'>
"https,www.happyatwork.io,/,,,",https://www.linkedin.com/company/happy-work-sweden/?originalSubdomain=se,<class 'str'>,https://www.instagram.com/happyatwork_io/,https://twitter.com/happyatwork_io,<class 'str'>,<class 'str'>,<class 'str'>,<class 'str'>,<class 'str'>,<class 'str'>
"https,www.limulusbio.com,/,,,",https://www.linkedin.com/company/limulusbio,<class 'str'>,<class 'str'>,<class 'str'>,<class 'str'>,<class 'str'>,<class 'str'>,<class 'str'>,<class 'str'>,<class 'str'>
"https,hiring.se,/,,,",https://www.linkedin.com/company/we-are-hiring-ab/,<class 'str'>,https://www.instagram.com/wearehiringab/,<class 'str'>,<class 'str'>,<class 'str'>,<class 'str'>,<class 'str'>,<class 'str'>,<class 'str'>
"https,swedspot.com,/,,,",https://www.linkedin.com/company/2539111,<class 'str'>,https://www.instagram.com/swedspotcom/,<class 'str'>,https://www.youtube.com/channel/UCuTURzOxR7KwhVWNd5R11OA,<class 'str'>,<class 'str'>,<class 'str'>,<class 'str'>,<class 'str'>
"https,chargenode.eu,/,,,",https://www.linkedin.com/company/chargenode/,<class 'str'>,https://www.instagram.com/chargenode/,<class 'str'>,<class 'str'>,<class 'str'>,<class 'str'>,<class 'str'>,<class 'str'>,<class 'str'>
"https,everdrone.com,/,,,",https://www.linkedin.com/company/everdrone-ab,<class 'str'>,<class 'str'>,https://twitter.com/EverdroneUAS,<class 'str'>,<class 'str'>,<class 'str'>,<class 'str'>,<class 'str'>,<class 'str'>
"https,www.nextstep.se,/,,,",https://www.linkedin.com/company/6407879/admin/,<class 'str'>,https://www.instagram.com/nextstepgroup/,<class 'str'>,<class 'str'>,<class 'str'>,<class 'str'>,<class 'str'>,<class 'str'>,<class 'str'>
"https,connectsverige.se,/,,,",https://www.linkedin.com/company/connect-norr,<class 'str'>,https://www.instagram.com/connectregionsyd/,<class 'str'>,<class 'str'>,<class 'str'>,<class 'str'>,<class 'str'>,<class 'str'>,<class 'str'>
"https,www.iths.se,/,,,",https://www.linkedin.com/school/it-hogskolan/?viewAsMember=true,<class 'str'>,https://www.instagram.com/ithogskolan/,<class 'str'>,<class 'str'>,<class 'str'>,<class 'str'>,<class 'str'>,<class 'str'>,<class 'str'>
"https,www.agdiwo.com,/sv/,,,",https://www.linkedin.com/company/agdiwo/,<class 'str'>,https://www.instagram.com/agdiwoab/,https://twitter.com/agdiwo,<class 'str'>,<class 'str'>,<class 'str'>,<class 'str'>,<class 'str'>,<class 'str'>
"https,www.elektron.se,/en/,,,",<class 'str'>,<class 'str'>,https://www.instagram.com/weareelektron/,https://twitter.com/weareelektron,https://www.youtube.com/channel/UCL0xWyrKvKkZkvXesqHLcow,<class 'str'>,<class 'str'>,<class 'str'>,<class 'str'>,<class 'str'>
"https,www.technocreatives.com,/,,,",https://www.linkedin.com/company/technocreatives/,<class 'str'>,https://www.instagram.com/technocreatives/,<class 'str'>,https://www.youtube.com/TheTechnoCreatives,<class 'str'>,<class 'str'>,<class 'str'>,<class 'str'>,<class 'str'>
"https,stenaroro.com,/,,,",https://www.linkedin.com/company/stena-roro,<class 'str'>,<class 'str'>,<class 'str'>,<class 'str'>,<class 'str'>,<class 'str'>,<class 'str'>,<class 'str'>,<class 'str'>
"https,videotech.se,/,,,",https://www.linkedin.com/company/videotech/,<class 'str'>,https://www.instagram.com/videotechalarm/,<class 'str'>,<class 'str'>,<class 'str'>,<class 'str'>,<class 'str'>,<class 'str'>,<class 'str'>
"https,www.permanova.se,/,,,",https://www.linkedin.com/company/permanova-lasersystem-ab/,<class 'str'>,<class 'str'>,https://twitter.com/permanova,https://www.youtube.com/channel/UCAY44Hxv5iGo6EqyDNz4QBA,<class 'str'>,<class 'str'>,<class 'str'>,<class 'str'>,<class 'str'>
"https,integrum.se,/,,,",https://www.linkedin.com/company/integrum-ab/,<class 'str'>,https://www.instagram.com/integrumusa/,https://twitter.com/integrumosseo?lang=en,<class 'str'>,<class 'str'>,<class 'str'>,<class 'str'>,<class 'str'>,<class 'str'>
"https,sifu.se,/,,,",https://www.linkedin.com/school/sifuutbildning,<class 'str'>,<class 'str'>,<class 'str'>,<class 'str'>,<class 'str'>,<class 'str'>,<class 'str'>,<class 'str'>,<class 'str'>
"https,www.sjofartstidningen.se,/,,,",<class 'str'>,<class 'str'>,<class 'str'>,https://twitter.com/sjofartsnyheter,<class 'str'>,<class 'str'>,<class 'str'>,<class 'str'>,<class 'str'>,<class 'str'>
"https,www.projektlaget.se,/,,,",<class 'str'>,<class 'str'>,<class 'str'>,<class 'str'>,<class 'str'>,<class 'str'>,<class 'str'>,<class 'str'>,<class 'str'>,<class 'str'>
"https,krahnnordics.com,/,,,",https://www.linkedin.com/company/krahnnordics-ab,<class 'str'>,https://instagram.com/krahnnordics?r=nametag,<class 'str'>,<class 'str'>,<class 'str'>,<class 'str'>,<class 'str'>,<class 'str'>,<class 'str'>
"https,basedonpeople.se,/,,,",https://www.linkedin.com/company/basedonpeople/about/,<class 'str'>,https://www.instagram.com/based.onpeople/,<class 'str'>,<class 'str'>,<class 'str'>,<class 'str'>,<class 'str'>,<class 'str'>,<class 'str'>
"https,www.batteryloop.com,/,,,",https://www.linkedin.com/company/batteryloop/,<class 'str'>,<class 'str'>,<class 'str'>,<class 'str'>,<class 'str'>,<class 'str'>,<class 'str'>,<class 'str'>,<class 'str'>
"https,icebug.com,/,,,",https://www.linkedin.com/company/icebug-ab/,<class 'str'>,https://www.instagram.com/icebugofficial,<class 'str'>,<class 'str'>,<class 'str'>,<class 'str'>,<class 'str'>,<class 'str'>,<class 'str'>
"https,fixturlaser.com,/,,,",<class 'str'>,<class 'str'>,https://www.instagram.com/acoem_sweden/,<class 'str'>,https://www.youtube.com/user/FIXTURLASER,<class 'str'>,<class 'str'>,<class 'str'>,<class 'str'>,<class 'str'>
"https,www.moveup.se,/,,,",https://se.linkedin.com/company/moveup-consulting-ab,<class 'str'>,<class 'str'>,<class 'str'>,<class 'str'>,<class 'str'>,<class 'str'>,<class 'str'>,<class 'str'>,<class 'str'>
"https,www.kvaser.com,/,,,",https://www.linkedin.com/company/kvaser-ab,<class 'str'>,<class 'str'>,https://twitter.com/kvaserab,https://www.youtube.com/user/KvaserChannel,<class 'str'>,<class 'str'>,<class 'str'>,<class 'str'>,<class 'str'>
"https,www.refapp.com,/,,,",https://www.linkedin.com/company/27149375,<class 'str'>,https://www.instagram.com/_refapp,<class 'str'>,<class 'str'>,<class 'str'>,<class 'str'>,<class 'str'>,<class 'str'>,<class 'str'>
"http,miljogiraff.se,/,,,",https://www.linkedin.com/company/milj-giraff/,<class 'str'>,<class 'str'>,<class 'str'>,<class 'str'>,<class 'str'>,<class 'str'>,<class 'str'>,<class 'str'>,<class 'str'>
"https,www.saltwellsalt.com,/,,,",https://www.linkedin.com/company/saltwellab/?viewAsMember=true,<class 'str'>,<class 'str'>,<class 'str'>,<class 'str'>,<class 'str'>,<class 'str'>,<class 'str'>,<class 'str'>,<class 'str'>
"https,www.whywaste.com,/,,,",https://www.linkedin.com/company/18583465/,<class 'str'>,https://www.instagram.com/whywaste.co/,<class 'str'>,<class 'str'>,<class 'str'>,<class 'str'>,<class 'str'>,<class 'str'>,<class 'str'>
"https,drdenim.com,/,,,",<class 'str'>,<class 'str'>,https://www.instagram.com/drdenim/?hl=sv,<class 'str'>,https://www.youtube.com/channel/UCH7YdzPvDm3esf-Zx_Pc2jA,<class 'str'>,<class 'str'>,<class 'str'>,<class 'str'>,<class 'str'>
"https,www.almi.se,/Vast/,,,",http://www.linkedin.com/company/almi-f-retagspartner,<class 'str'>,<class 'str'>,<class 'str'>,http://www.youtube.com/user/almiforetagspartner1,<class 'str'>,<class 'str'>,<class 'str'>,<class 'str'>,<class 'str'>
"https,yourtalent.se,/,,,",https://ca.linkedin.com/company/your-talent-ab,<class 'str'>,<class 'str'>,<class 'str'>,<class 'str'>,<class 'str'>,<class 'str'>,<class 'str'>,<class 'str'>,<class 'str'>
"https,www.netclean.com,/,,,",https://www.linkedin.com/company/netclean-technologies,<class 'str'>,<class 'str'>,https://twitter.com/NetClean,https://www.youtube.com/channel/UCWpApETn5PuR3oaM9Hh-LVQ,<class 'str'>,<class 'str'>,<class 'str'>,<class 'str'>,<class 'str'>
